character,frame,headWidth,headHeight,headCentreX,headCentreY,hairMaskWidth,hairMaskHeight,silhouetteHeight,groundErrorPx
novice,idle_0,177.12,181.0,211.8,137.807,165,166,310,0
novice,idle_1,177.12,181.724,211.8,136.918,165,166,311,0
novice,walk_0,176.947,181.0,201.118,136.605,164,165,310,0
novice,walk_1,173.711,181.0,211.908,141.921,164,164,304,0
novice,walk_2,178.119,181.0,203.708,139.136,165,166,310,0
novice,walk_3,179.307,181.0,212.894,143.087,165,165,303,0
novice,attack_0,178.026,181.0,212.447,149.474,164,166,301,0
novice,attack_1,174.649,181.0,205.091,153.448,165,164,292,0
novice,attack_2,176.0,155.172,239.266,161.568,160,143,275,0
novice,cast_0,174.513,181.0,205.282,140.295,165,166,310,0
novice,cast_1,176.0,181.0,218.263,141.921,156,164,310,0
novice,sit_0,171.503,181.0,183.555,198.605,165,167,256,0
novice,hurt_0,176.0,164.337,156.386,161.204,160,143,282,0
novice,dead_0,197.575,184.662,127.023,274.126,173,165,178,0
swordsman,idle_0,176.216,181.0,220.541,137.824,160,152,310,0
swordsman,idle_1,176.216,181.724,220.541,136.935,160,152,312,0
swordsman,walk_0,178.255,181.0,223.759,137.869,160,153,310,0
swordsman,walk_1,179.329,181.0,222.685,143.869,160,151,304,0
swordsman,walk_2,182.4,181.0,223.2,139.167,160,154,310,0
swordsman,walk_3,178.013,181.0,221.059,145.215,160,153,304,0
swordsman,attack_0,179.329,181.0,214.094,140.164,160,154,309,0
swordsman,attack_1,178.255,181.0,214.63,140.164,160,155,309,0
swordsman,attack_2,180.132,184.371,232.185,150.198,160,149,295,0
swordsman,cast_0,187.55,181.0,216.821,134.334,160,144,310,0
swordsman,cast_1,186.316,181.0,223.158,134.342,160,146,310,0
swordsman,sit_0,179.329,181.0,202.282,209.963,160,154,239,0
swordsman,hurt_0,176.0,168.753,160.471,172.095,157,143,272,0
swordsman,dead_0,187.463,175.522,135.821,280.403,165,160,173,0
